student,MaudMcGrody,Maud,McGrody,2005-10-29
student,LannaFiann,Lanna,Fiann,2002-10-26
student,MadyGermann,Mady,Germann,2007-11-30
student,ChristalNerita,Christal,Nerita,2000-02-12
student,AuroreLaRue,Aurore,LaRue,2003-01-15
student,RenieBethany,Renie,Bethany,2005-01-25
student,MadyMelleta,Mady,Melleta,2002-08-24
student,BritteSallyann,Britte,Sallyann,2005-01-20
student,MadyDex,Mady,Dex,1999-10-31
student,BernardineSawtelle,Bernardine,Sawtelle,2009-08-26
student,GilliganAckerley,Gilligan,Ackerley,2000-08-10
student,KatharinaCosenza,Katharina,Cosenza,2007-11-06
student,LaylaDunkin,Layla,Dunkin,2003-01-02
student,CelestynaAlfons,Celestyna,Alfons,2000-09-09
student,GlendaEldrid,Glenda,Eldrid,2007-08-20
student,CodieCutlerr,Codie,Cutlerr,2001-12-18
student,GiustinaSkell,Giustina,Skell,1999-03-26
student,MaridelMiddleton,Maridel,Middleton,2006-12-01
student,BertineMarisa,Bertine,Marisa,2000-12-19
student,DioneFriede,Dione,Friede,2000-11-12
student,DeirdreMintz,Deirdre,Mintz,2001-08-06
student,JanyAriella,Jany,Ariella,2006-05-24
student,NananneChobot,Nananne,Chobot,2003-12-19
student,BrineyHortensia,Briney,Hortensia,2004-05-12
student,AnicaDocilla,Anica,Docilla,2005-08-12
student,DolliRillings,Dolli,Rillings,2003-03-22
student,HayleyFairweather,Hayley,Fairweather,2008-01-10
student,BritteLatini,Britte,Latini,2002-08-04
student,NinnettaCraggie,Ninnetta,Craggie,2005-05-19
student,Zsa ZsaNicoline,Zsa Zsa,Nicoline,2005-07-26
student,MargaretteSocha,Margarette,Socha,2003-10-05
student,ZiaOriana,Zia,Oriana,2006-01-31
student,JoaneEmmy,Joane,Emmy,2007-12-21
student,KasseyEvvie,Kassey,Evvie,2000-08-23
student,FelizaBow,Feliza,Bow,2009-10-04
student,GeriannaJagir,Gerianna,Jagir,2004-11-13
student,GildaMaiah,Gilda,Maiah,1999-01-27
student,NicoliMonaco,Nicoli,Monaco,2004-05-10
student,LorieAlisia,Lorie,Alisia,2004-08-05
student,RiannonErskine,Riannon,Erskine,2008-02-27
student,JuneHelve,June,Helve,1999-06-11
student,WinifredLinehan,Winifred,Linehan,2009-02-26
student,LacieHalsey,Lacie,Halsey,2003-12-27
student,EdythJena,Edyth,Jena,2008-04-09
student,AynAmmann,Ayn,Ammann,2009-11-17
student,AmeliaGaal,Amelia,Gaal,2004-12-23
student,AurelieTruc,Aurelie,Truc,2001-03-12
student,AdaVivle,Ada,Vivle,2003-04-05
student,LeontineMorgun,Leontine,Morgun,2001-04-13
student,VereCelestine,Vere,Celestine,2004-04-05
student,CamileRoarke,Camile,Roarke,2008-03-27
student,YolaneDestinee,Yolane,Destinee,1999-07-20
student,ElyssaArtie,Elyssa,Artie,2000-04-04
student,GenoveraLove,Genovera,Love,2001-11-22
student,LuciNorrie,Luci,Norrie,2004-03-17
student,OonaLamoree,Oona,Lamoree,2007-06-28
student,TatianiaBerne,Tatiania,Berne,2000-03-02
student,ShaylynToor,Shaylyn,Toor,2009-07-30
student,RobiniaAlabaster,Robinia,Alabaster,2008-12-22
student,AshleeHelfand,Ashlee,Helfand,2005-06-18
student,JustinnLaRue,Justinn,LaRue,2002-04-03
student,GenevraCornelia,Genevra,Cornelia,2001-04-08
student,DoralynneAgle,Doralynne,Agle,2007-11-29
student,MerrieShaver,Merrie,Shaver,2005-06-01
student,KathyIoab,Kathy,Ioab,2003-02-19
student,TraceyGlovsky,Tracey,Glovsky,2002-08-30
student,JsandyeMargret,Jsandye,Margret,2004-04-23
student,EmyleeMartguerita,Emylee,Martguerita,2004-05-03
student,WilmaHimelman,Wilma,Himelman,2004-03-13
student,TrudieFrendel,Trudie,Frendel,2001-11-14
student,PhylisLowry,Phylis,Lowry,2004-05-03
student,LianaAmmann,Liana,Ammann,2005-10-03
student,JacquettaNedrud,Jacquetta,Nedrud,2006-05-30
student,ReebaMaryanne,Reeba,Maryanne,2002-08-27
student,HollieClie,Hollie,Clie,2003-12-30
student,LaureDamarra,Laure,Damarra,2000-02-23
student,FelizaArvo,Feliza,Arvo,2006-05-26
student,ReginaGunn,Regina,Gunn,2006-07-08
student,DeirdreSaree,Deirdre,Saree,1999-11-02
student,AlleenIdelia,Alleen,Idelia,2008-07-25
student,OlivetteFitzsimmons,Olivette,Fitzsimmons,2005-08-18
student,BenitaRaffo,Benita,Raffo,2002-04-04
student,TersinaHonoria,Tersina,Honoria,2005-08-15
student,AddiaChapland,Addia,Chapland,2009-07-26
student,TatianiaStephie,Tatiania,Stephie,2008-03-03
student,LatishaIsraeli,Latisha,Israeli,2008-11-26
student,AngeliquePauly,Angelique,Pauly,2007-11-11
student,JulianeOld,Juliane,Old,2003-10-06
student,ThaliaKristi,Thalia,Kristi,2001-02-02
student,HollieBarney,Hollie,Barney,2006-01-30
student,ShaylynBibi,Shaylyn,Bibi,2005-02-18
student,ZariaHoran,Zaria,Horan,2007-08-07
student,VedaDaniele,Veda,Daniele,1999-11-17
student,RhodaTrinetta,Rhoda,Trinetta,2000-12-20
student,MadalynToni,Madalyn,Toni,2005-05-27
student,CharmaineMarisa,Charmaine,Marisa,2009-05-30
student,ElviraCookie,Elvira,Cookie,2006-07-26
student,KathiBollay,Kathi,Bollay,2004-04-03
student,IseabalArdra,Iseabal,Ardra,2006-12-29
student,JessyMerriott,Jessy,Merriott,2001-04-06
student,GavrielleIoab,Gavrielle,Ioab,2008-07-26
student,GeriannaYoko,Gerianna,Yoko,2009-08-30
student,FannyTrinetta,Fanny,Trinetta,2006-04-13
student,DaphneSeagraves,Daphne,Seagraves,2000-02-08
student,KarleeThunell,Karlee,Thunell,2002-03-11
student,BergetAlice,Berget,Alice,2000-11-18
student,HyacintheSeessel,Hyacinthe,Seessel,2002-04-07
student,MolliSisile,Molli,Sisile,2006-01-26
student,FinaDaveta,Fina,Daveta,2008-04-29
student,AugustineJoli,Augustine,Joli,2005-06-23
student,SindeeBorrell,Sindee,Borrell,2004-03-10
student,DesiraeAshok,Desirae,Ashok,2009-03-30
student,CarylKilligrew,Caryl,Killigrew,1999-02-10
student,NessieMullane,Nessie,Mullane,1999-08-21
student,NollieBettine,Nollie,Bettine,2003-05-13
student,TamqrahHermes,Tamqrah,Hermes,2007-02-16
student,JasminaMarijo,Jasmina,Marijo,2001-09-27
student,SeanColyer,Sean,Colyer,2008-06-15
student,MireielleKenwood,Mireielle,Kenwood,2006-04-29
student,VioletFlorina,Violet,Florina,2001-08-13
student,NadinePond,Nadine,Pond,2008-04-13
student,HollieLove,Hollie,Love,2002-02-09
student,EdithAndrel,Edith,Andrel,2003-04-24
student,MaryLutero,Mary,Lutero,2003-12-09
student,AimilLubin,Aimil,Lubin,2005-10-28
student,MahaliaOrlene,Mahalia,Orlene,2005-02-14
student,JohnaCouture,Johna,Couture,2000-01-21
student,Kara-LynnDelacourt,Kara-Lynn,Delacourt,2007-10-02
student,MildridChauncey,Mildrid,Chauncey,2003-11-07
student,CacilieBonucci,Cacilie,Bonucci,2002-06-26
student,TrudiePearse,Trudie,Pearse,2004-10-26
student,SelmaOrlene,Selma,Orlene,1999-03-22
student,DevinaBord,Devina,Bord,1999-07-30
student,WileenMaples,Wileen,Maples,2008-04-18
student,MaridelRevkah,Maridel,Revkah,2003-08-11
student,CecileColyer,Cecile,Colyer,2001-10-27
student,MignonUrias,Mignon,Urias,2009-02-06
student,PhedraAshok,Phedra,Ashok,2000-04-16
student,BrandiseJehu,Brandise,Jehu,2002-09-25
student,MarcySholley,Marcy,Sholley,2008-01-22
student,VevayAlice,Vevay,Alice,2008-05-04
student,CarylTryck,Caryl,Tryck,2003-08-27
student,MaxDaegal,Max,Daegal,2007-06-28
student,LanaeSchenck,Lanae,Schenck,2005-01-28
student,LivvyyMcLaughlin,Livvyy,McLaughlin,2003-08-13
student,JemieKendrick,Jemie,Kendrick,2002-09-03
student,MargaloSchonfeld,Margalo,Schonfeld,2004-01-25
student,CarilynLutero,Carilyn,Lutero,2003-09-29
student,KarolinaOscar,Karolina,Oscar,2004-09-18
student,RiannonTillford,Riannon,Tillford,2009-02-16
student,GabiCloris,Gabi,Cloris,1999-07-20
student,JanNisbet,Jan,Nisbet,2004-03-02
student,TeddieFiester,Teddie,Fiester,2007-02-26
student,IseabalVacuva,Iseabal,Vacuva,2000-06-28
student,RobiniaCorabella,Robinia,Corabella,2006-08-08
student,MariannSasnett,Mariann,Sasnett,2000-11-14
student,PauleHoltz,Paule,Holtz,2002-04-29
student,DoroSharl,Doro,Sharl,2005-05-08
student,AnniceNoelyn,Annice,Noelyn,2003-09-24
student,EvitaKeily,Evita,Keily,2000-01-13
student,IsaDanby,Isa,Danby,2001-03-08
student,AnthiaUmmersen,Anthia,Ummersen,2003-06-04
student,TabbathaFredi,Tabbatha,Fredi,2001-02-10
student,ShaunaMunn,Shauna,Munn,2007-04-26
student,KaiaLeffen,Kaia,Leffen,2004-01-18
student,Ann-MarieTrinetta,Ann-Marie,Trinetta,2000-12-23
student,KeeliaZina,Keelia,Zina,2006-02-14
student,DolliTeddman,Dolli,Teddman,2004-07-31
student,CharissaLipson,Charissa,Lipson,2002-05-31
student,HermioneAdrienne,Hermione,Adrienne,2007-09-25
student,TabbathaFink,Tabbatha,Fink,2003-07-22
student,KirbeeMorgun,Kirbee,Morgun,2000-05-01
student,CorenePond,Corene,Pond,2007-08-02
student,ShaineDituri,Shaine,Dituri,2008-07-29
student,PollyannaStevy,Pollyanna,Stevy,2002-03-17
student,LetiziaIoab,Letizia,Ioab,2000-03-22
student,MaureneLlovera,Maurene,Llovera,2008-09-24
student,MaiseyBonilla,Maisey,Bonilla,1999-05-05
student,AlyssaStevy,Alyssa,Stevy,2007-10-26
student,NikkiMonaco,Nikki,Monaco,2007-02-11
student,LyndeMaroney,Lynde,Maroney,2003-07-07
student,DonnieTomasina,Donnie,Tomasina,2006-08-19
student,JackieHertzfeld,Jackie,Hertzfeld,2003-11-26
student,AigneisNorvol,Aigneis,Norvol,1999-06-11
student,PeriBury,Peri,Bury,2001-04-19
student,DamarisCenter,Damaris,Center,2002-10-23
student,CorlyAllina,Corly,Allina,2007-11-02
student,JinnyLibna,Jinny,Libna,2000-02-11
student,AnthiaPhaidra,Anthia,Phaidra,2006-01-13
student,StevanaChristal,Stevana,Christal,2000-04-09
student,MillieBurkle,Millie,Burkle,2009-01-02
student,KirstinFink,Kirstin,Fink,2001-09-17
student,MariannGherardo,Mariann,Gherardo,2001-03-30
student,AsiaKat,Asia,Kat,2003-03-20
student,ReginaEachern,Regina,Eachern,2004-01-16
student,LaylaHanshaw,Layla,Hanshaw,1999-03-15
student,MureilDrus,Mureil,Drus,2002-09-21
student,TherineWittie,Therine,Wittie,2006-02-10
student,LacieMerell,Lacie,Merell,2002-08-18
student,DonnieKarylin,Donnie,Karylin,2002-01-01
student,StevanaProuty,Stevana,Prouty,2006-03-15
student,MerryKorey,Merry,Korey,2009-02-19
student,BrenaUund,Brena,Uund,2008-07-21
student,ChlorisMargret,Chloris,Margret,1999-02-10
student,EmmeyKevon,Emmey,Kevon,2004-10-25
student,CyndieCyrie,Cyndie,Cyrie,2003-07-24
student,NatkaAn,Natka,An,2000-09-04
student,CeleneSharl,Celene,Sharl,1999-05-26
student,JobiBelanger,Jobi,Belanger,2005-10-21
student,CorrySheedy,Corry,Sheedy,2002-01-25
student,MelisentGualtiero,Melisent,Gualtiero,2004-12-25
student,MadalynPrimalia,Madalyn,Primalia,2009-05-30
student,JosephineMarkman,Josephine,Markman,2001-08-25
student,PetroniaEgbert,Petronia,Egbert,2008-04-08
student,Kara-LynnHelve,Kara-Lynn,Helve,2009-11-20
student,SeanFelizio,Sean,Felizio,2007-04-25
student,LatishaZola,Latisha,Zola,2009-12-05
student,CorreyEdmund,Correy,Edmund,2000-09-23
student,JanyAngelis,Jany,Angelis,2003-12-15
student,KamilahWilkinson,Kamilah,Wilkinson,2005-11-09
student,AndreeChick,Andree,Chick,2003-11-03
student,NeilaStefa,Neila,Stefa,2001-05-31
student,NananneZina,Nananne,Zina,2007-04-26
student,TeddieHeisel,Teddie,Heisel,2003-03-02
student,SidoneyMelleta,Sidoney,Melleta,1999-11-16
student,GustyCherianne,Gusty,Cherianne,2001-11-01
student,JobiAmethist,Jobi,Amethist,2006-10-30
student,DorthyScammon,Dorthy,Scammon,2000-06-12
student,ReebaTurne,Reeba,Turne,2008-12-30
student,DariPandolfi,Dari,Pandolfi,2001-05-17
student,StaceyGibbeon,Stacey,Gibbeon,2003-11-25
student,JanPhiloo,Jan,Philoo,2008-09-13
student,LaylaBreed,Layla,Breed,2001-01-24
student,CandyBollay,Candy,Bollay,2004-07-22
student,TeddieDalli,Teddie,Dalli,2006-03-25
student,CorinaOchs,Corina,Ochs,2008-06-26
student,JeannaCarmena,Jeanna,Carmena,2008-02-11
student,CarlyKatrine,Carly,Katrine,2000-08-30
student,AnaZeeba,Ana,Zeeba,2006-12-09
student,NitaShields,Nita,Shields,2006-07-01
student,CissieeArne,Cissiee,Arne,2002-02-27
student,AnalleseSeligman,Anallese,Seligman,2008-06-14
student,MelinaAprile,Melina,Aprile,2002-06-14
student,LizzieLemuela,Lizzie,Lemuela,2001-07-12
student,CatrinaSherfield,Catrina,Sherfield,2007-09-02
student,YolaneOthilia,Yolane,Othilia,2002-03-19
student,EmyleePernick,Emylee,Pernick,2002-01-17
student,BriettaEsmaria,Brietta,Esmaria,1999-03-10
student,CristabelDarian,Cristabel,Darian,2008-05-31
student,KateCouture,Kate,Couture,2009-03-01
student,HannisRedmond,Hannis,Redmond,2001-09-28
student,IngridLorain,Ingrid,Lorain,2003-07-01
student,DorothyDawkins,Dorothy,Dawkins,2001-03-12
student,StarlaPodvin,Starla,Podvin,2007-09-10
student,AlexSabella,Alex,Sabella,2009-09-10
student,BritteMiddleton,Britte,Middleton,2001-12-14
student,NaneteStephie,Nanete,Stephie,2004-07-21
student,MarniaCallista,Marnia,Callista,2008-01-01
student,LannaMatthew,Lanna,Matthew,2009-12-18
student,JennicaTalia,Jennica,Talia,1999-04-10
student,KatleenTjon,Katleen,Tjon,2002-04-04
student,DarylJefferey,Daryl,Jefferey,2002-04-17
student,LyssaKeily,Lyssa,Keily,2008-05-18
student,BabitaCarvey,Babita,Carvey,2008-02-09
student,NoelleHourigan,Noelle,Hourigan,2006-12-16
student,ModestiaNadia,Modestia,Nadia,2000-08-18
student,GabrielliaCelestine,Gabriellia,Celestine,2007-01-02
student,SybilleGower,Sybille,Gower,2001-09-20
student,EliseUird,Elise,Uird,2007-12-09
student,PieretteMerna,Pierette,Merna,2002-11-14
student,DianemarieHavens,Dianemarie,Havens,2001-06-01
student,LyssaSolitta,Lyssa,Solitta,2006-08-18
student,AnalleseAida,Anallese,Aida,2004-03-24
student,DomingaErlandson,Dominga,Erlandson,2003-06-22
student,QuintinaVanni,Quintina,Vanni,2009-11-27
student,Carol-JeanHollingsworth,Carol-Jean,Hollingsworth,2000-09-19
student,ArdysVins,Ardys,Vins,2009-01-08
student,AurelieSophronia,Aurelie,Sophronia,2007-02-01
student,LorieIngra,Lorie,Ingra,2004-08-14
student,BriannaOchs,Brianna,Ochs,2009-01-29
student,MolliMy,Molli,My,2001-12-05
student,PhilisRaama,Philis,Raama,2004-10-09
student,MalinaSyd,Malina,Syd,2006-01-29
student,MorganicaLubin,Morganica,Lubin,2003-02-26
student,BlakeDuwalt,Blake,Duwalt,2002-11-23
student,FinaLutero,Fina,Lutero,2005-02-06
student,RaniCherianne,Rani,Cherianne,2000-10-19
student,BabitaLail,Babita,Lail,2000-01-21
student,SheelaghPercy,Sheelagh,Percy,2002-04-07
student,VereThilda,Vere,Thilda,2006-07-11
student,JeannaCohdwell,Jeanna,Cohdwell,2007-01-16
student,CandiBibi,Candi,Bibi,2006-01-06
student,HenrietteGaynor,Henriette,Gaynor,1999-08-30
student,MerciKelula,Merci,Kelula,2008-10-05
student,AliaFaria,Alia,Faria,1999-12-19
student,DienaDearborn,Diena,Dearborn,2003-04-10
student,YolaneRooney,Yolane,Rooney,2006-07-15
student,ArlenaClie,Arlena,Clie,2007-07-15
student,NyssaKaete,Nyssa,Kaete,2008-05-24
student,GianinaBashemeth,Gianina,Bashemeth,2000-03-20
student,EdithMcNully,Edith,McNully,1999-12-26
student,AnalleseBoycey,Anallese,Boycey,2001-01-06
student,AnnecorinneStuart,Annecorinne,Stuart,2008-06-29
student,RosanneHarned,Rosanne,Harned,2000-08-02
student,AndreeAstra,Andree,Astra,2009-01-10
student,BertaBrieta,Berta,Brieta,2004-10-03
student,RaniMandler,Rani,Mandler,2007-10-23
student,AdaOlympium,Ada,Olympium,2006-02-25
student,FriedaCatie,Frieda,Catie,2001-03-14
student,IraJenness,Ira,Jenness,2009-05-03
student,UlrikeBaudin,Ulrike,Baudin,1999-10-06
student,LeontineLouanna,Leontine,Louanna,2005-11-04
student,FlorieJarib,Florie,Jarib,2001-05-03
student,LanaeObed,Lanae,Obed,2002-08-15
student,JereBrian,Jere,Brian,2008-09-24
student,VioletEben,Violet,Eben,2006-11-02
student,CristabelCarleen,Cristabel,Carleen,1999-12-11
student,OttiliePayson,Ottilie,Payson,2006-12-02
student,KristinaMartsen,Kristina,Martsen,2004-08-18
student,MayeSheng,Maye,Sheng,2002-07-15
student,TaniRooney,Tani,Rooney,2009-09-25
student,AddiaSimmonds,Addia,Simmonds,2000-10-17
student,AnthiaAshok,Anthia,Ashok,2006-09-27
student,MichaelinaGahl,Michaelina,Gahl,1999-01-04
student,JsandyeBonilla,Jsandye,Bonilla,2003-05-21
student,TabbathaEvangelia,Tabbatha,Evangelia,2009-11-29
student,TrudieMauer,Trudie,Mauer,2003-03-15
student,CarittaVernier,Caritta,Vernier,1999-04-10
student,GianinaGarek,Gianina,Garek,2002-05-17
student,ConcettinaWyn,Concettina,Wyn,1999-08-07
student,MallorySaree,Mallory,Saree,2000-07-31
student,CelisseRebecka,Celisse,Rebecka,2009-04-01
student,MichelinePulsifer,Micheline,Pulsifer,2001-02-26
student,KrystleBahr,Krystle,Bahr,2001-10-23
student,BritteLiebermann,Britte,Liebermann,2007-01-21
student,LorneBriney,Lorne,Briney,2002-09-14
student,PearlineLinskey,Pearline,Linskey,2006-11-09
student,ConcettinaVernier,Concettina,Vernier,2005-03-07
student,VinitaDyche,Vinita,Dyche,1999-09-08
student,MalinaParette,Malina,Parette,2004-10-25
student,FinaSocha,Fina,Socha,2000-10-19
student,MarniaRaseda,Marnia,Raseda,2007-02-06
student,RaniLove,Rani,Love,2003-03-10
student,BertaRead,Berta,Read,2009-11-27
student,GavrielleXerxes,Gavrielle,Xerxes,2005-08-03
student,CristabelRoarke,Cristabel,Roarke,2006-06-13
student,BettaAmmann,Betta,Ammann,2008-03-26
student,TeraOvid,Tera,Ovid,2008-02-14
student,SibellaWarthman,Sibella,Warthman,2009-08-23
student,CecileBouchard,Cecile,Bouchard,2008-02-20
student,LelahLeler,Lelah,Leler,2000-10-01
student,CandyBollay,Candy,Bollay,2002-08-22
student,MarinnaMauer,Marinna,Mauer,2002-11-29
student,NeilaNickola,Neila,Nickola,2000-12-20
student,DannySelway,Danny,Selway,2000-01-20
student,SophiaKlotz,Sophia,Klotz,1999-01-06
student,AllisBibi,Allis,Bibi,2004-02-18
student,AndeeeYate,Andeee,Yate,1999-09-17
student,SindeeAnnice,Sindee,Annice,2006-06-02
student,Zsa ZsaFairweather,Zsa Zsa,Fairweather,2002-08-28
student,CharissaNorvol,Charissa,Norvol,2008-08-13
student,CassandraLauraine,Cassandra,Lauraine,2002-11-15
student,BertineRaimondo,Bertine,Raimondo,2001-07-28
student,IleanaShaver,Ileana,Shaver,2001-05-29
student,KimberleyGeffner,Kimberley,Geffner,2009-09-16
student,SeanKoehler,Sean,Koehler,2009-06-16
student,CarittaBibi,Caritta,Bibi,2002-05-10
student,EadieEllord,Eadie,Ellord,2002-06-25
student,ArdeniaZeeba,Ardenia,Zeeba,2006-03-18
student,VivieneHenrie,Viviene,Henrie,2007-05-30
student,DyannIdelia,Dyann,Idelia,1999-08-24
student,SheelaghDelila,Sheelagh,Delila,1999-08-07
student,AlyssaHelve,Alyssa,Helve,2006-07-19
student,IraMathilde,Ira,Mathilde,2005-03-08
student,TiffieJoni,Tiffie,Joni,2008-03-26
student,CamMaiah,Cam,Maiah,1999-09-17
student,AnnabelaDorcy,Annabela,Dorcy,2000-09-16
student,SophiaLory,Sophia,Lory,2002-06-06
student,NarikoNiccolo,Nariko,Niccolo,2007-10-27
student,CarolinaLissi,Carolina,Lissi,2008-02-25
student,NyssaFreddi,Nyssa,Freddi,2001-05-02
student,BabitaLatini,Babita,Latini,2000-09-19
student,JanByrne,Jan,Byrne,2008-06-29
student,IngaSigfrid,Inga,Sigfrid,2002-01-04
student,PearlineRaffo,Pearline,Raffo,2004-09-15
student,KellenClywd,Kellen,Clywd,2009-09-17
student,TatianiaKeelia,Tatiania,Keelia,2008-02-21
student,MellicentSchonfeld,Mellicent,Schonfeld,2003-06-24
student,TaniNisbet,Tani,Nisbet,2004-10-09
student,HayleyThornburg,Hayley,Thornburg,2004-03-26
student,AgatheDorothy,Agathe,Dorothy,2003-01-30
student,ShirleeMichella,Shirlee,Michella,2006-03-14
student,YettyLowry,Yetty,Lowry,2003-07-01
student,GayleneTelfer,Gaylene,Telfer,2005-11-28
student,KirstinO'Neill,Kirstin,O'Neill,2002-01-10
student,MaiseyCharity,Maisey,Charity,2002-12-24
student,SarettePattin,Sarette,Pattin,2002-05-02
student,DiGrobe,Di,Grobe,2008-04-24
student,ChastityVins,Chastity,Vins,2004-12-30
student,NaneteGraig,Nanete,Graig,2002-09-23
student,AbbieJehu,Abbie,Jehu,2007-04-29
student,SuzetteAlcott,Suzette,Alcott,1999-05-03
student,YvonneWandie,Yvonne,Wandie,2006-11-05
student,SueChristine,Sue,Christine,2007-09-06
student,DienaPhiloo,Diena,Philoo,2003-11-21
student,VanessaRhu,Vanessa,Rhu,1999-11-07
student,LeontineAllina,Leontine,Allina,2004-03-17
student,HenrietteFennessy,Henriette,Fennessy,2009-01-30
student,NarikoEliathas,Nariko,Eliathas,2004-05-27
student,JeanNatalia,Jean,Natalia,2003-12-21
student,SusanRodmann,Susan,Rodmann,2000-06-12
student,VitaToor,Vita,Toor,2006-12-28
student,GlynnisRubie,Glynnis,Rubie,2008-09-20
student,TomasinaMarisa,Tomasina,Marisa,2008-12-05
student,CoralGarrison,Coral,Garrison,2006-11-24
student,TeddieJillane,Teddie,Jillane,1999-04-04
student,ArdeniaArgus,Ardenia,Argus,2002-05-22
student,VivieneLibna,Viviene,Libna,2009-08-09
student,YvonneRillings,Yvonne,Rillings,2008-07-04
student,MadelleGino,Madelle,Gino,2005-12-05
student,CatrinaTaima,Catrina,Taima,2005-04-23
student,LuciJoachim,Luci,Joachim,2006-07-04
student,UrsulinaRosette,Ursulina,Rosette,2003-12-16
student,GustyAurelio,Gusty,Aurelio,2009-08-05
student,AnnalieseSusannah,Annaliese,Susannah,1999-05-03
student,LilaRegan,Lila,Regan,2001-07-12
student,MarinnaNickola,Marinna,Nickola,2009-12-25
student,AerielaDituri,Aeriela,Dituri,2004-12-21
student,ShelSheng,Shel,Sheng,2006-05-27
student,AmaraMarden,Amara,Marden,2003-06-17
student,DianemarieAriella,Dianemarie,Ariella,2005-08-10
student,LyssaByrne,Lyssa,Byrne,2004-07-17
student,JendaTamar,Jenda,Tamar,2008-05-30
student,ClarestaTamar,Claresta,Tamar,2001-10-28
student,XylinaDermott,Xylina,Dermott,2000-09-28
student,JanennaRichers,Janenna,Richers,2005-06-28
student,JillayneOld,Jillayne,Old,2002-08-30
student,DioneKolnick,Dione,Kolnick,2003-08-24
student,ValeraBebe,Valera,Bebe,2006-02-11
student,HallieArvo,Hallie,Arvo,2008-06-13
student,FarrahCosenza,Farrah,Cosenza,2003-03-17
student,FarrahMilson,Farrah,Milson,2001-12-02
student,LilaNisbet,Lila,Nisbet,2002-09-09
student,RoselineGrobe,Roseline,Grobe,2004-01-28
student,EmiliaO'Carroll,Emilia,O'Carroll,2000-07-09
student,RaquelaKonyn,Raquela,Konyn,2006-09-29
student,PaolaCarvey,Paola,Carvey,2004-05-27
student,NeilaFlita,Neila,Flita,2004-12-07
student,PatriciaRad,Patricia,Rad,2000-04-01
student,ArlenaDulciana,Arlena,Dulciana,2006-04-23
student,JobiBrenn,Jobi,Brenn,2001-01-24
student,BeatrizGarek,Beatriz,Garek,2002-12-05
student,FloColbert,Flo,Colbert,2009-08-22
student,EsmeraldaTalia,Esmeralda,Talia,2002-11-24
student,GeorginaSammons,Georgina,Sammons,2007-02-28
student,EsmeraldaHazlett,Esmeralda,Hazlett,2003-03-28
student,BriannaDaegal,Brianna,Daegal,2001-11-29
student,TressaPitt,Tressa,Pitt,2005-07-07
student,AlydaStanding,Alyda,Standing,2008-08-03
student,AdaHalla,Ada,Halla,2009-05-20
student,AllyceBandeen,Allyce,Bandeen,2004-07-12
student,LucySoneson,Lucy,Soneson,2008-03-18
student,MureilBevin,Mureil,Bevin,1999-10-09
student,NonnahChabot,Nonnah,Chabot,2008-01-02
student,DaleBelanger,Dale,Belanger,2001-04-16
student,HallieDosia,Hallie,Dosia,1999-12-14
student,TierneyWenda,Tierney,Wenda,2004-06-13
student,ElviraOdell,Elvira,Odell,2000-06-06
student,GrierTannie,Grier,Tannie,2004-09-27
student,ElbertinaCiro,Elbertina,Ciro,2004-03-10
student,KylynnAzeria,Kylynn,Azeria,1999-05-26
student,TheodoraSabella,Theodora,Sabella,2005-05-05
student,VanessaJunie,Vanessa,Junie,2008-09-25
student,AmiiKrystle,Amii,Krystle,2009-12-05
student,EliseBuckler,Elise,Buckler,2003-02-07
student,LuciErb,Luci,Erb,2003-03-25
student,CoralEugenia,Coral,Eugenia,2005-03-27
student,GenoveraJohanna,Genovera,Johanna,2003-07-16
student,AliaKlotz,Alia,Klotz,2005-07-29
student,ShaunaWu,Shauna,Wu,2004-03-25
student,ShaineNoam,Shaine,Noam,2000-12-27
student,KaylaBlake,Kayla,Blake,2007-09-03
student,AdorePlato,Adore,Plato,2002-07-27
student,JobiKarylin,Jobi,Karylin,2005-05-04
student,SissyDearborn,Sissy,Dearborn,2003-05-30
student,GrierCimbura,Grier,Cimbura,1999-01-03
student,AdelleEphrem,Adelle,Ephrem,1999-08-09
student,BranaWinnick,Brana,Winnick,2000-06-14
student,FrancesHelve,Frances,Helve,2001-09-12
student,MelisentAdlare,Melisent,Adlare,2003-02-03
student,MignonSchlosser,Mignon,Schlosser,2001-12-17
student,SashenkaVerger,Sashenka,Verger,2000-11-24
student,JacquettaPeg,Jacquetta,Peg,2003-10-19
student,MarlineMalina,Marline,Malina,2003-08-30
student,GwennethEdee,Gwenneth,Edee,2007-09-03
student,AlexineAnderea,Alexine,Anderea,2008-01-12
student,AigneisSacken,Aigneis,Sacken,2000-08-08
student,AlydaHalsey,Alyda,Halsey,2004-10-11
student,AlieTristram,Alie,Tristram,2001-05-08
student,YettyBaudin,Yetty,Baudin,2005-01-19
student,MonikaKristi,Monika,Kristi,2005-09-25
student,GiselaEdison,Gisela,Edison,2004-10-18
student,ShirleeAnestassia,Shirlee,Anestassia,1999-06-07
student,MarinnaBandeen,Marinna,Bandeen,2001-07-07
student,MelisentTeddman,Melisent,Teddman,2003-12-19
student,DomingaVentre,Dominga,Ventre,2008-01-07
student,EthelButtaro,Ethel,Buttaro,2002-09-24
student,RickyDiogenes,Ricky,Diogenes,2000-11-15
student,DannyArquit,Danny,Arquit,2004-05-09
student,CamMcAdams,Cam,McAdams,2007-08-02
student,AmiiReinke,Amii,Reinke,2003-02-08
student,KellyArgus,Kelly,Argus,2000-02-28
student,MarieleEvangelia,Mariele,Evangelia,2001-05-08
student,MureilDulciana,Mureil,Dulciana,2002-09-11
student,FarrahCelestine,Farrah,Celestine,2000-04-25
student,VikiSholley,Viki,Sholley,2003-07-29
student,LoreeHutchison,Loree,Hutchison,2007-04-25
student,EkaterinaTamar,Ekaterina,Tamar,2005-12-21
student,ElenaHertzfeld,Elena,Hertzfeld,2003-04-23
student,LivvyyKiersten,Livvyy,Kiersten,2003-12-20
student,IngridTaam,Ingrid,Taam,2007-11-03
student,IseabalHalsey,Iseabal,Halsey,2001-07-09
student,TrixiMendez,Trixi,Mendez,2001-01-15
student,NolliePauly,Nollie,Pauly,2000-09-10
student,WillettaZina,Willetta,Zina,2009-09-03
student,JudyGoldina,Judy,Goldina,2006-04-15
student,MorganicaRoumell,Morganica,Roumell,2002-04-29
student,ErnestaIvens,Ernesta,Ivens,2002-05-12
student,JaimeJarib,Jaime,Jarib,2001-10-22
student,HermioneLarochelle,Hermione,Larochelle,2003-02-10
student,BarbaraEmmy,Barbara,Emmy,2006-12-27
student,EvaleenBevin,Evaleen,Bevin,2003-10-04
student,FawneSyd,Fawne,Syd,1999-11-17
student,AnestassiaEno,Anestassia,Eno,2006-01-24
student,LeeanneAgle,Leeanne,Agle,2009-03-06
student,DelilahRosette,Delilah,Rosette,2005-06-10
student,ClaryHurley,Clary,Hurley,2008-04-10
student,LaylaAngelis,Layla,Angelis,2000-12-31
student,SharaiSilvan,Sharai,Silvan,2000-11-02
student,ClariceBrenn,Clarice,Brenn,2002-08-31
student,MadeleineValoniah,Madeleine,Valoniah,2008-09-17
student,LeannaDermott,Leanna,Dermott,2005-08-07
student,BeeDeny,Bee,Deny,2007-04-01
student,DariCharmine,Dari,Charmine,2005-07-03
student,TabbathaSi,Tabbatha,Si,2000-01-07
student,MaudEvvie,Maud,Evvie,2000-04-26
student,CindelynTound,Cindelyn,Tound,2004-02-04
student,DonettaEldrid,Donetta,Eldrid,2008-06-03
student,VereBates,Vere,Bates,1999-04-25
student,BettineDalli,Bettine,Dalli,2000-06-21
student,EdythEldrid,Edyth,Eldrid,2007-02-18
student,OonaVelick,Oona,Velick,1999-08-27
student,LatishaZola,Latisha,Zola,2009-05-09
student,IleanaSlifka,Ileana,Slifka,2007-10-10
student,MindaDeegan,Minda,Deegan,2006-03-14
student,ValedaEmerson,Valeda,Emerson,2004-10-15
student,BabitaGuildroy,Babita,Guildroy,2008-10-24
student,OlwenSwigart,Olwen,Swigart,2008-10-14
student,MaiseyEdmund,Maisey,Edmund,2005-02-14
student,CaressaKlotz,Caressa,Klotz,2009-09-09
student,DarylCenter,Daryl,Center,1999-03-11
student,CamileClara,Camile,Clara,2001-01-29
student,MarlineOriana,Marline,Oriana,2008-12-25
student,DyannCarmena,Dyann,Carmena,2009-06-30
student,KaylaDeny,Kayla,Deny,2007-08-31
student,NertaBirdella,Nerta,Birdella,1999-02-08
student,AnaMott,Ana,Mott,2003-05-06
student,LorieWareing,Lorie,Wareing,2002-02-19
student,VitaAbram,Vita,Abram,2001-08-04
student,KathiWeide,Kathi,Weide,2001-07-28
student,BertaSheedy,Berta,Sheedy,2009-09-22
student,MireielleClara,Mireielle,Clara,2009-11-14
student,DelilahPosner,Delilah,Posner,2004-07-03
student,JustinnLutero,Justinn,Lutero,2002-10-17
student,CorinaStover,Corina,Stover,2001-12-27
student,TomasinaAdamsen,Tomasina,Adamsen,2006-11-29
student,VikiBrodench,Viki,Brodench,2008-10-15
student,MelinaHilbert,Melina,Hilbert,2008-11-28
student,GuiSchenck,Gui,Schenck,2007-07-15
student,ChristyHewitt,Christy,Hewitt,2005-06-11
student,NeilaGilbertson,Neila,Gilbertson,2004-07-07
student,JanisElisha,Janis,Elisha,2008-01-29
student,ImojeanWillie,Imojean,Willie,2001-03-21
student,LetiziaBow,Letizia,Bow,2003-06-22
student,AnnalieseZenas,Annaliese,Zenas,2002-04-06
student,AnnoraCressida,Annora,Cressida,2002-04-19
student,MeghannLasley,Meghann,Lasley,1999-12-18
student,DawnHurley,Dawn,Hurley,2007-12-11
student,SophiaKristi,Sophia,Kristi,2000-01-29
student,PamellaNester,Pamella,Nester,2002-03-31
student,TalyaEngdahl,Talya,Engdahl,2005-03-22
student,CharmaineOld,Charmaine,Old,1999-02-10
student,DulcineaGusella,Dulcinea,Gusella,1999-07-10
student,NeilaBennie,Neila,Bennie,2003-12-22
student,GuiWinthorpe,Gui,Winthorpe,2003-10-10
student,WynneWilona,Wynne,Wilona,2006-11-24
student,AndeeeRaimondo,Andeee,Raimondo,2004-07-13
student,AlexDalli,Alex,Dalli,2009-04-14
student,EdithSmitt,Edith,Smitt,2002-06-07
student,MishaJary,Misha,Jary,2009-03-23
student,CandyDearborn,Candy,Dearborn,2004-11-09
student,SusanReneta,Susan,Reneta,2003-06-17
student,LibbieArvo,Libbie,Arvo,2002-09-28
student,AlejandraIaverne,Alejandra,Iaverne,2005-03-29
student,LorieCodding,Lorie,Codding,2005-06-05
student,FloCharmine,Flo,Charmine,2006-01-20
student,AnniceHachmin,Annice,Hachmin,2001-01-22
student,JennicaJagir,Jennica,Jagir,2005-04-14
student,LacieShaddock,Lacie,Shaddock,2004-08-04
student,AmalieKendrick,Amalie,Kendrick,2005-08-07
student,AntoniettaJoeann,Antonietta,Joeann,2009-02-22
student,SidoneyLaverne,Sidoney,Laverne,1999-03-28
student,ChrystelCrudden,Chrystel,Crudden,2003-03-05
student,PeriBelldas,Peri,Belldas,2002-03-05
student,JsandyeShaver,Jsandye,Shaver,2001-08-22
student,DaciaBurkle,Dacia,Burkle,2006-11-09
student,KrystleHylan,Krystle,Hylan,2004-10-16
student,AndeeeBerne,Andeee,Berne,2001-11-03
student,TinaHarl,Tina,Harl,2008-01-15
student,GwynethDelila,Gwyneth,Delila,2006-09-12
student,MillieGale,Millie,Gale,2001-08-23
student,BergetSwigart,Berget,Swigart,2008-05-18
student,JanisEphrem,Janis,Ephrem,2003-01-19
student,AllyceCohdwell,Allyce,Cohdwell,2001-09-18
student,JendaOgren,Jenda,Ogren,2009-09-27
student,CecileEdmund,Cecile,Edmund,2006-10-18
student,AlexineMilde,Alexine,Milde,2008-08-23
student,CandyBarney,Candy,Barney,2009-11-17
student,MireielleBrian,Mireielle,Brian,2007-12-11
student,NollieBonucci,Nollie,Bonucci,2005-11-26
student,CodieLytton,Codie,Lytton,2002-06-29
student,CherilynEgbert,Cherilyn,Egbert,2003-08-18
student,GwennethProuty,Gwenneth,Prouty,2002-06-22
student,JessyOscar,Jessy,Oscar,2004-10-25
student,ClarySawtelle,Clary,Sawtelle,2005-09-20
student,JasminaDrisko,Jasmina,Drisko,2009-11-02
student,JoellyAbram,Joelly,Abram,2007-09-07
student,MadelleHebner,Madelle,Hebner,2003-01-06
student,MinneZola,Minne,Zola,2006-09-18
student,Sara-AnnBluh,Sara-Ann,Bluh,2006-12-10
student,GeorginaRedmond,Georgina,Redmond,2006-01-15
student,LitaBaylor,Lita,Baylor,2007-06-29
student,RobbiOgren,Robbi,Ogren,1999-09-14
student,KimmyClara,Kimmy,Clara,2005-02-15
student,JoleenWeitman,Joleen,Weitman,2001-07-15
student,AigneisMandler,Aigneis,Mandler,2006-09-04
student,GlendaSkurnik,Glenda,Skurnik,2005-11-20
student,ErickaCohdwell,Ericka,Cohdwell,2003-12-25
student,WinifredGermann,Winifred,Germann,2008-01-22
student,KeeliaOchs,Keelia,Ochs,2007-08-31
student,MaudAtonsah,Maud,Atonsah,2004-03-24
student,KerrinWeide,Kerrin,Weide,2002-09-02
student,AnnabelaBeniamino,Annabela,Beniamino,2009-03-20
student,MadalynNunci,Madalyn,Nunci,2006-08-19
student,TarraRoche,Tarra,Roche,2003-11-02
student,ShaunaProber,Shauna,Prober,2007-09-08
student,MadalynJotham,Madalyn,Jotham,2005-02-24
student,PatriciaTarrant,Patricia,Tarrant,2009-09-10
student,DevinaIsraeli,Devina,Israeli,2007-11-05
student,SissyPearse,Sissy,Pearse,2008-03-11
student,AlbertinaSecrest,Albertina,Secrest,2005-04-18
student,OreliaInfield,Orelia,Infield,2004-09-23
student,DaniaMilde,Dania,Milde,2002-08-28
student,CassondraCecile,Cassondra,Cecile,2003-10-26
student,ElviraRemmer,Elvira,Remmer,2001-01-15
student,SibellaMy,Sibella,My,2000-04-05
student,ZariaHebner,Zaria,Hebner,2003-02-12
student,AverylRooney,Averyl,Rooney,2004-11-06
student,LucilleBluh,Lucille,Bluh,2000-05-28
student,CoralMadaih,Coral,Madaih,2004-02-26
student,TatianiaJacinda,Tatiania,Jacinda,2001-02-09
student,LyndeWeaks,Lynde,Weaks,2005-02-16
student,NannieBryna,Nannie,Bryna,2009-02-16
student,SissySchroth,Sissy,Schroth,2009-01-06
student,GiustinaTillford,Giustina,Tillford,2000-02-25
student,DonettaZachary,Donetta,Zachary,2009-04-14
student,KaiaGusella,Kaia,Gusella,2007-02-20
student,GenoveraRicarda,Genovera,Ricarda,2007-10-23
student,MadyArmanda,Mady,Armanda,2004-06-13
student,LonnieIngra,Lonnie,Ingra,2001-05-12
student,ShelMasao,Shel,Masao,2002-12-28
student,FrancesBigner,Frances,Bigner,2001-06-30
student,UrsulinaUlphia,Ursulina,Ulphia,2009-07-07
student,DarciPattin,Darci,Pattin,2004-09-29
student,CodieBoehike,Codie,Boehike,2007-02-04
student,ArdeniaAmand,Ardenia,Amand,2005-08-16
student,AgatheHanshaw,Agathe,Hanshaw,2007-12-14
student,KarleeCiapas,Karlee,Ciapas,2000-03-17
student,SissyChinua,Sissy,Chinua,2008-12-22
student,ArlinaStilwell,Arlina,Stilwell,2004-03-03
student,NatkaThar,Natka,Thar,1999-04-20
student,DonettaSancho,Donetta,Sancho,2001-07-31
student,PhylisThornburg,Phylis,Thornburg,2007-01-24
student,PhylisLoeb,Phylis,Loeb,2008-06-04
student,KellySeumas,Kelly,Seumas,1999-10-06
student,JessyRebecka,Jessy,Rebecka,2002-03-09
student,LusaEarlie,Lusa,Earlie,2009-08-02
student,CeleneAutrey,Celene,Autrey,2004-11-13
student,HeidaAdore,Heida,Adore,2003-08-15
student,KettiHuggins,Ketti,Huggins,2006-06-18
student,KerrinEliathas,Kerrin,Eliathas,2003-10-23
student,KajaCampball,Kaja,Campball,2009-12-10
student,FlorenciaJohnsson,Florencia,Johnsson,2004-05-22
student,KatharinaAugust,Katharina,August,1999-10-08
student,VerlaDahlia,Verla,Dahlia,2001-05-27
student,MoynaEliathas,Moyna,Eliathas,2009-10-26
student,AnallesePierette,Anallese,Pierette,2007-04-29
student,SibellaRaseda,Sibella,Raseda,2001-11-02
student,DamarisErlandson,Damaris,Erlandson,2009-11-25
student,HenrietteEllord,Henriette,Ellord,2006-04-23
student,SissyLinskey,Sissy,Linskey,2001-05-04
student,NorineCutlerr,Norine,Cutlerr,2008-07-28
student,DianemarieArdra,Dianemarie,Ardra,2009-08-15
student,MalloryFriede,Mallory,Friede,2000-04-15
student,MindaTeryn,Minda,Teryn,2001-05-07
student,CissieeRogerio,Cissiee,Rogerio,2001-11-29
student,EugineNore,Eugine,Nore,2009-09-10
student,DolliKoziara,Dolli,Koziara,2007-05-01
student,AgneseEarlie,Agnese,Earlie,2006-03-01
student,EadieEmerson,Eadie,Emerson,2004-10-20
student,LinetMartguerita,Linet,Martguerita,2004-03-01
student,BelvaShuler,Belva,Shuler,2001-06-26
student,LitaEllerey,Lita,Ellerey,2002-10-23
student,SandieColp,Sandie,Colp,2004-11-28
student,ClementineSinegold,Clementine,Sinegold,1999-09-15
student,CarlieSeumas,Carlie,Seumas,2000-07-02
student,MagdalenaDelacourt,Magdalena,Delacourt,2001-12-07
student,DaciaConnelly,Dacia,Connelly,1999-11-20
student,AnalleseEuridice,Anallese,Euridice,2009-05-22
student,PenelopaHoenack,Penelopa,Hoenack,2003-09-25
student,FanchonJacqui,Fanchon,Jacqui,2005-01-27
student,EolandaDosia,Eolanda,Dosia,2004-01-07
student,ArdeniaHoran,Ardenia,Horan,2004-10-29
student,CatharineRanjiv,Catharine,Ranjiv,2009-02-12
student,AdaFaro,Ada,Faro,2006-02-04
student,EzmeraldaBlase,Ezmeralda,Blase,2001-02-09
student,NoelleNorrie,Noelle,Norrie,2007-12-18
student,KirstinHoban,Kirstin,Hoban,2003-11-13
student,LizzieAbernon,Lizzie,Abernon,1999-10-17
student,AliaJethro,Alia,Jethro,2009-03-07
student,AugustineBorrell,Augustine,Borrell,2006-02-26
student,MerielSuzetta,Meriel,Suzetta,2002-04-06
student,AlishaRandene,Alisha,Randene,2002-05-08
student,DevinaHoenack,Devina,Hoenack,2003-05-07
student,OreliaTiffa,Orelia,Tiffa,2006-11-03
student,IlsePierette,Ilse,Pierette,2003-07-31
student,HeidaAlisia,Heida,Alisia,2001-12-03
student,BlondelleOphelia,Blondelle,Ophelia,2004-08-22
student,KarinaAnyah,Karina,Anyah,2004-02-18
student,AnnecorinneCampball,Annecorinne,Campball,2006-05-23
student,LexineDreda,Lexine,Dreda,2002-02-07
student,VinitaIetta,Vinita,Ietta,2001-01-27
student,ElsieDarrell,Elsie,Darrell,2006-09-23
student,SashenkaDonell,Sashenka,Donell,2001-11-22
student,BertaAlrich,Berta,Alrich,1999-03-06
student,ChastityLea,Chastity,Lea,2001-04-09
student,MarinnaNoam,Marinna,Noam,1999-01-20
student,ShandiePaton,Shandie,Paton,1999-06-28
student,ChandraFrodi,Chandra,Frodi,2007-08-28
student,TeriannBandeen,Teriann,Bandeen,2004-12-22
student,ShaunaYorick,Shauna,Yorick,1999-03-12
student,SusanMcLaughlin,Susan,McLaughlin,2009-09-12
student,JaclynBari,Jaclyn,Bari,2003-11-29
student,NinnettaFirmin,Ninnetta,Firmin,2006-12-27
student,PriscillaThornburg,Priscilla,Thornburg,2001-12-01
student,KirstinIaverne,Kirstin,Iaverne,2001-07-18
student,JacentaNadia,Jacenta,Nadia,2003-10-01
student,GenevraBehre,Genevra,Behre,2009-12-27
student,JennicaRocray,Jennica,Rocray,2007-06-08
student,OonaHonoria,Oona,Honoria,2001-07-18
student,CarliePaine,Carlie,Paine,2001-12-31
student,EkaterinaJoni,Ekaterina,Joni,2001-08-26
student,JennicaGoth,Jennica,Goth,2006-01-07
student,MahaliaAudly,Mahalia,Audly,2008-12-07
student,AntoniettaGiule,Antonietta,Giule,2006-10-18
student,PeriJohanna,Peri,Johanna,2005-08-24
student,CarlieSyd,Carlie,Syd,2003-09-19
student,ShereeLesley,Sheree,Lesley,2009-03-22
student,SueBall,Sue,Ball,2000-01-24
student,PatriciaElvyn,Patricia,Elvyn,1999-08-10
student,RaquelaHoran,Raquela,Horan,1999-04-28
student,LucilleAugust,Lucille,August,2002-12-09
student,JulianeCleavland,Juliane,Cleavland,2004-06-12
student,JoleenLattie,Joleen,Lattie,2006-12-31
student,EadiePauly,Eadie,Pauly,2007-04-16
student,EolandaNahum,Eolanda,Nahum,2007-08-04
student,TamqrahLowry,Tamqrah,Lowry,2003-01-23
student,WinnyMoseley,Winny,Moseley,2007-08-23
student,LeontineNunci,Leontine,Nunci,2002-05-08
student,BabitaJohnsson,Babita,Johnsson,2007-11-05
student,PearlineCleavland,Pearline,Cleavland,2003-09-10
student,CatrinaAaberg,Catrina,Aaberg,1999-10-21
student,NicoliHan,Nicoli,Han,2006-07-10
student,MyrticePlato,Myrtice,Plato,2001-04-22
student,NatalineWillie,Nataline,Willie,2004-12-19
student,IseabalMott,Iseabal,Mott,2009-08-07
student,TeddieBrunell,Teddie,Brunell,2009-09-09
student,SibellaGombach,Sibella,Gombach,2005-01-08
student,CharmaineSocha,Charmaine,Socha,2007-09-08
student,DamarisChabot,Damaris,Chabot,2008-01-04
teacher,AimilAtcliffe,Aimil,Atcliffe,1999-01-16
teacher,ElbertinaHelve,Elbertina,Helve,2007-03-11
teacher,YettyZuzana,Yetty,Zuzana,2003-08-13
teacher,LatishaJuliet,Latisha,Juliet,2005-01-04
teacher,KaylaTjon,Kayla,Tjon,2005-03-30
teacher,AnnabelaLoeb,Annabela,Loeb,1999-02-22
teacher,MishaDominy,Misha,Dominy,2003-11-19
teacher,ValedaJobi,Valeda,Jobi,2001-08-15
teacher,ClariceSikorski,Clarice,Sikorski,2006-03-13
teacher,AudrieIvens,Audrie,Ivens,2000-03-29
teacher,KarlyYoko,Karly,Yoko,2002-04-20
teacher,MeghannPierette,Meghann,Pierette,2000-03-01
teacher,KamilahSharl,Kamilah,Sharl,2006-12-01
teacher,SarettePapageno,Sarette,Papageno,2006-11-03
teacher,ClariceBluh,Clarice,Bluh,1999-09-12
teacher,AdaBrunell,Ada,Brunell,2002-09-15
teacher,MichelineBultman,Micheline,Bultman,2009-05-19
teacher,JasminaWattenberg,Jasmina,Wattenberg,2001-08-17
teacher,DienaAlabaster,Diena,Alabaster,2001-10-31
teacher,HopeCiro,Hope,Ciro,2004-10-16
teacher,BranaHonoria,Brana,Honoria,2007-11-25
teacher,LyndeJary,Lynde,Jary,2008-03-12
teacher,DianemarieAbbot,Dianemarie,Abbot,2007-10-30
teacher,KarinaKylander,Karina,Kylander,2008-01-06
teacher,DauneTaima,Daune,Taima,1999-12-18
teacher,AnnecorinneChaing,Annecorinne,Chaing,2009-01-02
teacher,PauleBach,Paule,Bach,2005-04-05
teacher,BinnyUrias,Binny,Urias,1999-06-21
teacher,LennaCarey,Lenna,Carey,2008-10-13
teacher,DariLauraine,Dari,Lauraine,2008-12-26
teacher,JendaGherardo,Jenda,Gherardo,2003-04-13
teacher,MerleMacIntosh,Merle,MacIntosh,2009-01-13
teacher,ChristyCamden,Christy,Camden,1999-09-19
teacher,FloryDaniele,Flory,Daniele,2007-03-06
teacher,ShaineQuinn,Shaine,Quinn,1999-07-22
teacher,RosalineDrus,Rosaline,Drus,2004-07-27
teacher,IseabalRogerio,Iseabal,Rogerio,2005-12-06
teacher,KellyViddah,Kelly,Viddah,2000-01-06
teacher,DevinaGreyson,Devina,Greyson,2008-01-25
teacher,MadeleineLoeb,Madeleine,Loeb,2004-09-29
teacher,FeliceVivle,Felice,Vivle,2007-02-14
teacher,HyacintheAlfons,Hyacinthe,Alfons,2002-06-18
teacher,FernandeDulciana,Fernande,Dulciana,2006-07-09
teacher,BobinetteWestphal,Bobinette,Westphal,2000-08-15
teacher,TressaPillsbury,Tressa,Pillsbury,2000-01-05
teacher,OraleeMadaih,Oralee,Madaih,2009-11-04
teacher,JolynBryna,Jolyn,Bryna,2007-05-11
teacher,BettineDamarra,Bettine,Damarra,2004-01-10
teacher,MerrieHebner,Merrie,Hebner,2004-03-08
teacher,AndreeSancho,Andree,Sancho,2008-06-27
teacher,KatharinaFitzsimmons,Katharina,Fitzsimmons,2005-12-06
teacher,LynneaPond,Lynnea,Pond,2009-03-29
teacher,KateEugenia,Kate,Eugenia,2007-04-15
teacher,MargaloGoth,Margalo,Goth,2002-03-06
teacher,BriannaFillbert,Brianna,Fillbert,2005-12-19
teacher,StarlaKalinda,Starla,Kalinda,2009-09-22
teacher,JoeannWiener,Joeann,Wiener,2002-04-15
teacher,MelodieCynar,Melodie,Cynar,2004-01-09
teacher,SadieBronk,Sadie,Bronk,2005-10-24
teacher,FlorenciaAurelio,Florencia,Aurelio,2006-01-03
teacher,KasseyGibbeon,Kassey,Gibbeon,2004-11-19
teacher,WendiSchlosser,Wendi,Schlosser,2008-08-12
teacher,LyssaArvo,Lyssa,Arvo,2007-09-03
teacher,HelenaWaldron,Helena,Waldron,2002-04-18
teacher,KaryFulmer,Kary,Fulmer,2008-03-06
teacher,ElbertinaHalsey,Elbertina,Halsey,2005-10-21
teacher,SibellaRoche,Sibella,Roche,2003-04-16
teacher,ShirleeIzaak,Shirlee,Izaak,2002-12-18
teacher,NarikoRese,Nariko,Rese,2003-03-07
teacher,OlwenKat,Olwen,Kat,2001-08-23
teacher,LisetteBarbey,Lisette,Barbey,2005-11-08
teacher,YvonneSammons,Yvonne,Sammons,2007-11-23
teacher,MaritaShaver,Marita,Shaver,2001-08-04
teacher,AigneisMcLaughlin,Aigneis,McLaughlin,2005-05-16
teacher,CamileDudley,Camile,Dudley,2003-03-14
teacher,KirbeePodvin,Kirbee,Podvin,2007-07-10
teacher,OdessaJehu,Odessa,Jehu,2001-11-24
teacher,KimmyGualtiero,Kimmy,Gualtiero,2004-06-05
teacher,IseabalSchalles,Iseabal,Schalles,1999-01-05
teacher,BinnyMorehouse,Binny,Morehouse,2000-02-06
teacher,AlieNeils,Alie,Neils,2002-04-22
teacher,TeddieJagir,Teddie,Jagir,2006-05-18
teacher,ReebaBlake,Reeba,Blake,2006-04-04
teacher,KoreStefa,Kore,Stefa,2000-03-01
teacher,BrenaJarib,Brena,Jarib,2002-03-27
teacher,TabbathaKenwood,Tabbatha,Kenwood,2001-03-16
teacher,MarcyGordon,Marcy,Gordon,2000-06-08
teacher,FriedaCecile,Frieda,Cecile,2003-01-22
teacher,ElsieLail,Elsie,Lail,2000-07-13
teacher,AnnoraBorrell,Annora,Borrell,2006-12-22
teacher,VedaInfield,Veda,Infield,2009-01-20
teacher,DeloriaAnnabella,Deloria,Annabella,2007-09-10
teacher,MaiseyPeonir,Maisey,Peonir,2005-12-28
teacher,DaciaJalbert,Dacia,Jalbert,2008-09-16
teacher,GerrieTamar,Gerrie,Tamar,2008-02-12
teacher,SophiaGeoras,Sophia,Georas,1999-06-25
teacher,ShandieOriana,Shandie,Oriana,2005-01-17
teacher,JosephineUrsulette,Josephine,Ursulette,2008-08-24
teacher,BergetHowlyn,Berget,Howlyn,2009-01-31
teacher,LyneaBach,Lynea,Bach,2001-01-25
teacher,CorreyTippets,Correy,Tippets,2006-11-17
teacher,MagdalenaJotham,Magdalena,Jotham,2000-03-09
teacher,PeriJillane,Peri,Jillane,2001-08-26
teacher,DrucieStrephon,Drucie,Strephon,2009-09-08
teacher,NertaHillel,Nerta,Hillel,2005-10-19
teacher,TinaBebe,Tina,Bebe,2000-09-13
teacher,JendaGarlinda,Jenda,Garlinda,1999-05-17
teacher,MaritaCasimir,Marita,Casimir,2000-07-22
teacher,CorenePhyllis,Corene,Phyllis,2004-06-22
teacher,WileenHanleigh,Wileen,Hanleigh,2005-05-26
teacher,FernandeKatrine,Fernande,Katrine,2001-02-25
teacher,TarraHalla,Tarra,Halla,2006-04-10
teacher,GwennethSimmonds,Gwenneth,Simmonds,2009-12-22
teacher,JulianeEzar,Juliane,Ezar,2003-08-30
teacher,KonstanceCullin,Konstance,Cullin,2000-02-09
teacher,MamieAnnabella,Mamie,Annabella,2003-03-23
teacher,MyriamJena,Myriam,Jena,2005-04-11
teacher,RhodaAdlare,Rhoda,Adlare,2007-02-05
teacher,ConsuelaErminia,Consuela,Erminia,2008-12-30
teacher,BrineyNoman,Briney,Noman,2006-07-30
teacher,ValeraTaima,Valera,Taima,2003-01-16
teacher,JanIrmine,Jan,Irmine,2006-09-02
teacher,JerryBoehike,Jerry,Boehike,1999-09-30
teacher,MyriamBivins,Myriam,Bivins,2007-03-18
teacher,ShellMatthew,Shell,Matthew,2000-04-19
teacher,AlexineDoig,Alexine,Doig,1999-09-03
teacher,GerrieWinnick,Gerrie,Winnick,2004-06-28
teacher,SharleneRustice,Sharlene,Rustice,2009-08-01
teacher,NessieWiener,Nessie,Wiener,2003-08-21
teacher,KorrieShuler,Korrie,Shuler,2003-12-15
teacher,KerrinDaegal,Kerrin,Daegal,2004-12-08
teacher,CybHerrera,Cyb,Herrera,2009-12-13
teacher,ArabelDocilla,Arabel,Docilla,2002-10-30
teacher,CecileMarcellus,Cecile,Marcellus,2008-11-19
teacher,MadalynNaor,Madalyn,Naor,2005-11-18
teacher,SuzetteMontgomery,Suzette,Montgomery,2002-06-18
teacher,NyssaTamsky,Nyssa,Tamsky,2001-01-06
teacher,BrynnaGaulin,Brynna,Gaulin,1999-01-14
teacher,LucyLemuela,Lucy,Lemuela,2007-06-23
teacher,LeannaGoerke,Leanna,Goerke,2006-02-19
teacher,DannyBendick,Danny,Bendick,2001-03-26
teacher,LexineBergman,Lexine,Bergman,2007-11-21
teacher,IsaLaverne,Isa,Laverne,2008-01-12
teacher,DorothyFadiman,Dorothy,Fadiman,2009-05-19
teacher,LynneaRosette,Lynnea,Rosette,1999-11-09
teacher,ShannahDielu,Shannah,Dielu,2003-04-21
teacher,JocelineCimbura,Joceline,Cimbura,2000-11-11
teacher,KellyCharmine,Kelly,Charmine,2009-08-09
teacher,GiustinaVelick,Giustina,Velick,2004-08-07
teacher,EmyleeCecile,Emylee,Cecile,2003-12-24
teacher,JaneyMaurine,Janey,Maurine,2002-07-27
teacher,NinnettaArvo,Ninnetta,Arvo,2007-03-31
teacher,RosabelleWenda,Rosabelle,Wenda,2004-02-11
teacher,TabbathaCleo,Tabbatha,Cleo,2009-05-20
teacher,FarrahPodvin,Farrah,Podvin,2003-08-17
teacher,BarbiHollingsworth,Barbi,Hollingsworth,2003-07-17
teacher,XylinaAaberg,Xylina,Aaberg,2004-02-06
teacher,PhedraFriede,Phedra,Friede,2006-08-05
teacher,LorneEllord,Lorne,Ellord,2004-04-17
teacher,ShaylynSoneson,Shaylyn,Soneson,2000-08-07
teacher,VinitaLorain,Vinita,Lorain,2000-06-10
teacher,JerryLindemann,Jerry,Lindemann,2001-08-19
teacher,BobinetteSeessel,Bobinette,Seessel,2007-07-27
teacher,GiselaMaribeth,Gisela,Maribeth,2009-06-16
teacher,CarlieMarden,Carlie,Marden,2006-09-20
teacher,TamqrahMalvino,Tamqrah,Malvino,2008-08-19
teacher,MarylouScammon,Marylou,Scammon,2001-09-09
teacher,DionePresber,Dione,Presber,2003-08-26
teacher,TarraAzeria,Tarra,Azeria,2006-06-17
teacher,WynneSilvan,Wynne,Silvan,2007-10-05
teacher,ConsuelaBach,Consuela,Bach,2009-05-30
teacher,RoxaneReneta,Roxane,Reneta,2009-07-25
teacher,ChickieRadu,Chickie,Radu,2000-09-27
teacher,RoxaneConstancy,Roxane,Constancy,2006-08-23
teacher,CorinaRoxanna,Corina,Roxanna,2002-02-28
teacher,FrankAlejoa,Frank,Alejoa,2006-04-15
teacher,LouellaMerat,Louella,Merat,2005-09-08
teacher,AdaFrodi,Ada,Frodi,2007-08-06
teacher,CecileGrosz,Cecile,Grosz,2006-08-16
teacher,GuiPillsbury,Gui,Pillsbury,2006-07-02
moderator,DariCloris,Dari,Cloris,2009-03-30
moderator,AlishaMargret,Alisha,Margret,2000-08-30
moderator,ArynAldric,Aryn,Aldric,2001-12-29
moderator,MaudHertzfeld,Maud,Hertzfeld,2002-06-11
moderator,GinnieElsinore,Ginnie,Elsinore,2004-12-22
moderator,FarrahLory,Farrah,Lory,2006-02-07
moderator,DauneArne,Daune,Arne,2006-07-24
moderator,LilyAldric,Lily,Aldric,2000-05-03
moderator,CarreeBrittani,Carree,Brittani,2007-07-09
moderator,GiustinaNeils,Giustina,Neils,2004-03-29
moderator,DeloriaRadu,Deloria,Radu,2005-05-26
moderator,NinnettaWinthorpe,Ninnetta,Winthorpe,2001-04-30
moderator,KimberleyStrephon,Kimberley,Strephon,2004-02-27
moderator,AynWilkinson,Ayn,Wilkinson,2009-05-04
moderator,MalloryCornelia,Mallory,Cornelia,2005-05-16
moderator,KasseyWu,Kassey,Wu,2001-07-17
moderator,CassandraMarkman,Cassandra,Markman,2000-06-20
moderator,BriannaRooney,Brianna,Rooney,2004-01-07
moderator,BlakeCohdwell,Blake,Cohdwell,2005-02-19
moderator,JanennaTiffa,Janenna,Tiffa,1999-08-01